model,event,aoi,region,aoi_name,threshold,tp,fp,fn,tn,precision,recall,f1,iou
r19,1111002,01,Cameroon,Djagala,0.05,113945,260919,2865,1043533,0.30396357078833924,0.9754729903261707,0.46349817155269546,0.30165806702688963
r19,1111002,01,Cameroon,Djagala,0.1,104174,206483,12636,1097969,0.33533446856179,0.8918243301087235,0.4874013666552038,0.32222782429560803
r19,1111002,01,Cameroon,Djagala,0.15,95746,174025,21064,1130427,0.35491583602388693,0.819672973204349,0.4953476761661851,0.3292107208554679
r19,1111002,01,Cameroon,Djagala,0.2,88336,151202,28474,1153250,0.3687765615476459,0.7562366235767486,0.49578501913859485,0.3295971822157217
r19,1111002,01,Cameroon,Djagala,0.25,81460,133524,35350,1170928,0.3789119190265322,0.6973718003595583,0.4910275652965395,0.3254052585745444
r19,1111002,01,Cameroon,Djagala,0.3,75163,117970,41647,1186482,0.389177406243366,0.6434637445424193,0.48501176022688036,0.32014226083993524
r19,1111002,01,Cameroon,Djagala,0.35,69327,103781,47483,1200671,0.4004840908565751,0.5935022686413834,0.47825247138846155,0.31427846104328827
r19,1111002,01,Cameroon,Djagala,0.4,63999,90181,52811,1214271,0.41509274873524454,0.5478897354678538,0.47233477250083034,0.30918735597199876
r19,1111002,01,Cameroon,Djagala,0.45,58608,77139,58202,1227313,0.431744347941391,0.5017378649088263,0.4641170112093508,0.30218253252143606
r19,1111002,01,Cameroon,Djagala,0.5,53441,62293,63369,1242159,0.4617571327354105,0.4575036383871244,0.4596205449291317,0.29838137831303774
r19,1111002,01,Cameroon,Djagala,0.55,48966,55564,67844,1248888,0.46843968238783124,0.4191935621950176,0.44245052859853623,0.28406836297817534
r19,1111002,01,Cameroon,Djagala,0.6,44499,49737,72311,1254715,0.4722080733477652,0.38095197328995806,0.4216995346985965,0.2671858394327127
r19,1111002,01,Cameroon,Djagala,0.65,40136,44639,76674,1259813,0.4734414626953701,0.343600719116514,0.3982042314656349,0.24859862866911533
r19,1111002,01,Cameroon,Djagala,0.7,35805,39929,81005,1264523,0.4727731269971215,0.3065234140912593,0.37191499085923224,0.22843708330409151
r19,1111002,01,Cameroon,Djagala,0.75,31397,35200,85413,1269252,0.471447662807634,0.26878691892817397,0.3423751547105618,0.20654562199855273
r19,1111002,01,Cameroon,Djagala,0.8,26622,30559,90188,1273893,0.46557422920200764,0.2279085694717918,0.3060158284049175,0.18064857602345133
r19,1111002,01,Cameroon,Djagala,0.85,21202,26038,95608,1278414,0.4488145639288738,0.1815084324972177,0.2584821700701006,0.14842349910394265
r19,1111002,01,Cameroon,Djagala,0.9,15782,21321,101028,1283131,0.4253564401800394,0.1351082955226436,0.20507689408951812,0.11425386046578972
r19,1111002,01,Cameroon,Djagala,0.95,9889,15697,106921,1288755,0.3865004299226139,0.08465884770139542,0.13889435096491476,0.07463001954613718
r19,1111003,01,Djibouti,Djibouti,0.05,6845,539550,116,268979,0.012527567053139212,0.9833357276253412,0.024739950411669882,0.012524908007341115
r19,1111003,01,Djibouti,Djibouti,0.1,6556,484447,405,324082,0.013352260576819286,0.9418187042091654,0.026331220730815882,0.013341256145606096
r19,1111003,01,Djibouti,Djibouti,0.15,6075,441021,886,367508,0.013587685866122712,0.8727194368625197,0.026758754958077953,0.013560812711225004
r19,1111003,01,Djibouti,Djibouti,0.2,5500,406499,1461,402030,0.013349546964919818,0.7901163625915817,0.02625548978422761,0.013302375078604944
r19,1111003,01,Djibouti,Djibouti,0.25,5076,374751,1885,433778,0.013363978864061796,0.7292055739117943,0.026246936306193576,0.013297983820262397
r19,1111003,01,Djibouti,Djibouti,0.3,4706,344834,2255,463695,0.01346340905189678,0.6760522913374515,0.026401047963399822,0.013377108827584246
r19,1111003,01,Djibouti,Djibouti,0.35,4367,315396,2594,493133,0.01365698970800249,0.6273523918977159,0.02673204294756431,0.013547092199021582
r19,1111003,01,Djibouti,Djibouti,0.4,3971,283974,2990,524555,0.013790828109534806,0.570464013791122,0.026930615179074007,0.013649096877309365
r19,1111003,01,Djibouti,Djibouti,0.45,3573,246827,3388,561702,0.014269169329073482,0.5132883206435856,0.027766444799328566,0.014078679843018582
r19,1111003,01,Djibouti,Djibouti,0.5,3178,189639,3783,618890,0.016481949205723562,0.45654360005746303,0.03181531499964961,0.016164801627670398
r19,1111003,01,Djibouti,Djibouti,0.55,2886,162468,4075,646061,0.017453463478355528,0.41459560407987356,0.03349679366276877,0.017033683725926493
r19,1111003,01,Djibouti,Djibouti,0.6,2553,141144,4408,667385,0.017766550449905008,0.3667576497629651,0.03389133003225849,0.017237770500658316
r19,1111003,01,Djibouti,Djibouti,0.65,2248,123985,4713,684544,0.017808338548557033,0.3229421060192501,0.03375527426160338,0.017167381974248927
r19,1111003,01,Djibouti,Djibouti,0.7,1922,109402,5039,699127,0.01726492041248967,0.27610975434564,0.032497780783700386,0.016517277828863128
r19,1111003,01,Djibouti,Djibouti,0.75,1611,96054,5350,712475,0.0164951620334818,0.23143226547909784,0.030795404583946633,0.015638499247682375
r19,1111003,01,Djibouti,Djibouti,0.8,1285,83392,5676,725137,0.015175313249170376,0.1845999138054877,0.028045134114668586,0.014221995949221387
r19,1111003,01,Djibouti,Djibouti,0.85,1008,70430,5953,738099,0.014110137461855035,0.14480678063496624,0.02571461370680748,0.01302477032213048
r19,1111003,01,Djibouti,Djibouti,0.9,688,55912,6273,752617,0.01215547703180212,0.0988363740841833,0.021648495146394803,0.010942694002194902
r19,1111003,01,Djibouti,Djibouti,0.95,278,37962,6683,770567,0.007269874476987448,0.03993679069099267,0.012300612818300482,0.006188366760901988
r19,1111004,01,USA,Houston,0.05,15624503,30155394,520843,200352826,0.34129615887951864,0.9677403630742878,0.504624681085224,0.33745687433937344
r19,1111004,01,USA,Houston,0.1,11240400,14626875,4904946,215881345,0.43454132683090896,0.6962006264839415,0.5350963464050481,0.36527750141921833
r19,1111004,01,USA,Houston,0.15,8895495,8966765,7249851,221541455,0.49800501168385186,0.5509634169499991,0.523147380618324,0.35423127111854513
r19,1111004,01,USA,Houston,0.2,7337879,6578574,8807467,223929646,0.5272808380123872,0.4544888043898223,0.4881862858573434,0.32291431231935336
r19,1111004,01,USA,Houston,0.25,6140376,5320233,10004970,225187987,0.5357809519546475,0.38031863795300513,0.4448587994872845,0.2860568540918463
r19,1111004,01,USA,Houston,0.3,5119196,4446672,11026150,226061548,0.5351522726426917,0.3170694514691726,0.3982072569579951,0.24860098704264924
r19,1111004,01,USA,Houston,0.35,4223308,3743810,11922038,226764410,0.5300923119250901,0.26158051986002656,0.3503008236735989,0.21234224318015305
r19,1111004,01,USA,Houston,0.4,3438812,3153794,12706534,227354426,0.52161648974624,0.2129909139141397,0.3024733274131285,0.17818472740236094
r19,1111004,01,USA,Houston,0.45,2774639,2660405,13370707,227847815,0.5105090225580511,0.17185379613419247,0.257144472365884,0.14754204711101407
r19,1111004,01,USA,Houston,0.5,2225837,2248975,13919509,228259245,0.4974146399893448,0.1378624527464447,0.21588942237978972,0.12100674985502319
r19,1111004,01,USA,Houston,0.55,1787416,1951703,14357930,228556517,0.47803132235160206,0.11070781635772935,0.17978014495235353,0.09876836825716723
r19,1111004,01,USA,Houston,0.6,1447277,1714141,14698069,228794079,0.45779362298816545,0.08964050692998465,0.14992434775708657,0.08103687412745954
r19,1111004,01,USA,Houston,0.65,1191813,1513804,14953533,228994416,0.44049582775389123,0.07381774289631204,0.12644584788586133,0.06748982821936503
r19,1111004,01,USA,Houston,0.7,998321,1331701,15147025,229176519,0.428459902953706,0.06183336052383145,0.10807048606555496,0.057121835284873926
r19,1111004,01,USA,Houston,0.75,838829,1151449,15306517,229356771,0.4214632327745169,0.0519548481649139,0.09250621869972601,0.04849620984696876
r19,1111004,01,USA,Houston,0.8,691211,961838,15454135,229546382,0.41814307984820775,0.04281177993955657,0.07767116079848772,0.04040472119783128
r19,1111004,01,USA,Houston,0.85,537908,756068,15607438,229752152,0.41570168225685794,0.03331659786046084,0.06168909548203766,0.03182621288372677
r19,1111004,01,USA,Houston,0.9,362657,538116,15782689,229970104,0.40260642803458807,0.022462014750256824,0.04255009600719085,0.02173751467171502
r19,1111004,01,USA,Houston,0.95,130177,322303,16015169,230185917,0.2876966937765205,0.008062818845752825,0.015686030206606572,0.00790501424945358
r19,1111005,01,Madagascar,Farihy Alaotra,0.05,9989308,28975598,217056,28341802,0.2563667932369707,0.9787332687723072,0.406306690878637,0.254946600172804
r19,1111005,01,Madagascar,Farihy Alaotra,0.1,9304507,17383911,901857,39933489,0.3486346399400669,0.9116377781548846,0.5043806465640589,0.3372386465883359
r19,1111005,01,Madagascar,Farihy Alaotra,0.15,8215854,11152575,1990510,46164825,0.4241879400750572,0.804973641935561,0.5555984111199019,0.3846564663160469
r19,1111005,01,Madagascar,Farihy Alaotra,0.2,7410763,8016621,2795601,49300779,0.4803642017337483,0.7260923674679837,0.5782036243783001,0.4066711902577981
r19,1111005,01,Madagascar,Farihy Alaotra,0.25,6785301,6168162,3421063,51149238,0.523821390465237,0.6648107984390915,0.5859543769476343,0.41438152163916075
r19,1111005,01,Madagascar,Farihy Alaotra,0.3,6267108,4984787,3939256,52332613,0.5569824460679734,0.6140392406149732,0.5841208273234096,0.41254991145832204
r19,1111005,01,Madagascar,Farihy Alaotra,0.35,5832230,4157756,4374134,53159644,0.5838076249556305,0.5714307269464425,0.5775528746530932,0.4060276578029145
r19,1111005,01,Madagascar,Farihy Alaotra,0.4,5470077,3519306,4736287,53798094,0.6085041654137998,0.5359476695128648,0.5699259320306733,0.39852896069918625
r19,1111005,01,Madagascar,Farihy Alaotra,0.45,5154739,3014075,5051625,54303325,0.6310266092482948,0.5050514561307043,0.5610545922330658,0.38990679507692594
r19,1111005,01,Madagascar,Farihy Alaotra,0.5,4867183,2574758,5339181,54742642,0.6540206378954093,0.4768772699072853,0.5515751229367353,0.38081030757706563
r19,1111005,01,Madagascar,Farihy Alaotra,0.55,4630730,2410436,5575634,54906964,0.6576652219248914,0.45371005776395984,0.5369731202090966,0.36702888212542006
r19,1111005,01,Madagascar,Farihy Alaotra,0.6,4414244,2291993,5792120,55025407,0.6582296450304396,0.4324991740447431,0.5220065204636472,0.3531859427603164
r19,1111005,01,Madagascar,Farihy Alaotra,0.65,4207076,2197630,5999288,55119770,0.6568726183528174,0.4122012501219827,0.5065388322365748,0.3391710766709497
r19,1111005,01,Madagascar,Farihy Alaotra,0.7,3999511,2119627,6206853,55197773,0.6536069296034833,0.3918644288994592,0.48997096689584185,0.32447784522964523
r19,1111005,01,Madagascar,Farihy Alaotra,0.75,3784595,2053664,6421769,55263736,0.648240340142498,0.3708073707737643,0.4717586695555265,0.30869383006303086
r19,1111005,01,Madagascar,Farihy Alaotra,0.8,3549752,1995671,6656612,55321729,0.6401228544693525,0.3477979033473625,0.4507110209146429,0.29091475315387966
r19,1111005,01,Madagascar,Farihy Alaotra,0.85,3276392,1940934,6929972,55376466,0.6279829935871364,0.3210146140192531,0.42485189990203376,0.26972187559735505
r19,1111005,01,Madagascar,Farihy Alaotra,0.9,2916897,1878508,7289467,55438892,0.6082691660037056,0.285791982335727,0.3888737388237347,0.24136763715825868
r19,1111005,01,Madagascar,Farihy Alaotra,0.95,2311136,1774310,7895228,55543090,0.565699803644449,0.22644067956032138,0.3234210362438347,0.19290534071789284
r19,1111006,01,Madagascar,Ambato Boeny,0.05,2609436,9949563,79200,20788819,0.2077742023866711,0.9705426840970663,0.34227419530963327,0.2064721405320489
r19,1111006,01,Madagascar,Ambato Boeny,0.1,2466887,6219126,221749,24519256,0.2840068279888598,0.9175236067656611,0.4337517579663338,0.276936788387476
r19,1111006,01,Madagascar,Ambato Boeny,0.15,2302522,3774263,386114,26964119,0.37890463460530527,0.8563903778719023,0.5253648398633677,0.3562676749242097
r19,1111006,01,Madagascar,Ambato Boeny,0.2,2172156,2695467,516480,28042915,0.44624573431426384,0.8079025944754143,0.5749289430126733,0.403438790082582
r19,1111006,01,Madagascar,Ambato Boeny,0.25,2064798,2197727,623838,28540655,0.48440724687831743,0.7679723101230512,0.594087232334282,0.4225633666594152
r19,1111006,01,Madagascar,Ambato Boeny,0.3,1970601,1933628,718035,28804754,0.5047349937721378,0.7329370729247098,0.5977980741301392,0.42632809376530634
r19,1111006,01,Madagascar,Ambato Boeny,0.35,1887278,1771197,801358,28967185,0.5158646703886182,0.701946265690112,0.5946888277202022,0.42317234748476007
r19,1111006,01,Madagascar,Ambato Boeny,0.4,1812202,1659985,876434,29078397,0.5219194703511072,0.6740228130546493,0.5882986737323893,0.41673026920488127
r19,1111006,01,Madagascar,Ambato Boeny,0.45,1742895,1579598,945741,29158784,0.5245744686294298,0.6482450580889343,0.5798894018078801,0.40834101410559964
r19,1111006,01,Madagascar,Ambato Boeny,0.5,1676753,1512487,1011883,29225895,0.5257531574920671,0.6236444799519162,0.5705302391544156,0.39912018762602286
r19,1111006,01,Madagascar,Ambato Boeny,0.55,1615022,1473723,1073614,29264659,0.5228732057842262,0.6006845106589364,0.5590844709739586,0.3880064165536899
r19,1111006,01,Madagascar,Ambato Boeny,0.6,1555205,1440768,1133431,29297614,0.5190984698460233,0.5784364265002775,0.5471634020915072,0.3766173036108843
r19,1111006,01,Madagascar,Ambato Boeny,0.65,1495331,1409878,1193305,29328504,0.5147068592999677,0.5561671420006278,0.5346344062089671,0.3648471128804245
r19,1111006,01,Madagascar,Ambato Boeny,0.7,1434322,1379780,1254314,29358602,0.5096908356555662,0.5334757103601975,0.5213121177130368,0.3525504766474225
r19,1111006,01,Madagascar,Ambato Boeny,0.75,1369143,1348702,1319493,29389680,0.5037605161442246,0.5092333064051809,0.5064821276538288,0.3391202321925982
r19,1111006,01,Madagascar,Ambato Boeny,0.8,1296726,1315392,1391910,29422990,0.49642703736967475,0.4822988310801462,0.4892609617424238,0.32385537763472183
r19,1111006,01,Madagascar,Ambato Boeny,0.85,1211640,1276794,1476996,29461588,0.48690863410482255,0.4506523010180627,0.4680794348927096,0.3055507221158866
r19,1111006,01,Madagascar,Ambato Boeny,0.9,1097138,1224271,1591498,29514111,0.4726172768348878,0.40806490726152594,0.4379753076070175,0.2803894904734511
r19,1111006,01,Madagascar,Ambato Boeny,0.95,897231,1121497,1791405,29616885,0.4444536361510813,0.3337123359205188,0.38120315318721903,0.23548548042811104
r19,1111007,01,Nepal,Patna,0.05,12817271,56666165,932078,134833370,0.1844651292143929,0.9322092995093804,0.3079861138852917,0.18202339615102434
r19,1111007,01,Nepal,Patna,0.1,11966031,41320745,1783318,150178790,0.2245591101251838,0.8702980046546204,0.35700246695345234,0.21728728118749896
r19,1111007,01,Nepal,Patna,0.15,10972586,30366315,2776763,161133220,0.26543003646855534,0.7980440383031953,0.39836393423279914,0.2487231292721787
r19,1111007,01,Nepal,Patna,0.2,10249133,22748326,3500216,168751209,0.3106037043640239,0.7454267834789851,0.43849552251781554,0.2808160519813933
r19,1111007,01,Nepal,Patna,0.25,9691242,17840498,4058107,173659037,0.3520025250855921,0.7048509714896319,0.4695245321653215,0.30678344216102094
r19,1111007,01,Nepal,Patna,0.3,9231112,14860486,4518237,176639049,0.3831672768240612,0.6713853870463249,0.4878901154350075,0.3226551988153724
r19,1111007,01,Nepal,Patna,0.35,8838815,12803278,4910534,178696257,0.4084085120602707,0.6428533452747471,0.49948883122648685,0.33287911587806357
r19,1111007,01,Nepal,Patna,0.4,8496182,11190991,5253167,180308544,0.4315592695812649,0.6179334017923321,0.5081977126687997,0.3406602315766345
r19,1111007,01,Nepal,Patna,0.45,8183218,9898920,5566131,181600615,0.45255809904780064,0.5951713059287389,0.5141587007857974,0.34603877349331574
r19,1111007,01,Nepal,Patna,0.5,7877956,8694726,5871393,182804809,0.47535794146053123,0.5729693820412879,0.5196192827584669,0.351003817265804
r19,1111007,01,Nepal,Patna,0.55,7612618,8221246,6136731,183278289,0.4807808125672925,0.5536711592672496,0.5146579582143427,0.3464912079076602
r19,1111007,01,Nepal,Patna,0.6,7355739,7849393,6393610,183650142,0.48376686239882694,0.5349881656215142,0.5080898531733309,0.3405633068814841
r19,1111007,01,Nepal,Patna,0.65,7099146,7530796,6650203,183968739,0.4852477200524787,0.5163259729606107,0.5003046763923735,0.3336042118134063
r19,1111007,01,Nepal,Patna,0.7,6837774,7250222,6911575,184249313,0.48536172213563944,0.4973162002070062,0.4912662468349622,0.3256149375622959
r19,1111007,01,Nepal,Patna,0.75,6564512,6993184,7184837,184506351,0.4841908241636337,0.4774416592378301,0.480792557378508,0.3164759096683129
r19,1111007,01,Nepal,Patna,0.8,6263515,6748383,7485834,184751152,0.48136828308983054,0.45554993185495546,0.4681033735087158,0.30557112367358497
r19,1111007,01,Nepal,Patna,0.85,5906129,6496979,7843220,185002556,0.47618137324935006,0.4295569921164995,0.45166914909753986,0.29171358875545234
r19,1111007,01,Nepal,Patna,0.9,5421519,6194129,8327830,185305406,0.466742707768004,0.39431095974071206,0.42748035806982354,0.2718442089188255
r19,1111007,01,Nepal,Patna,0.95,4591855,5681562,9157494,185817973,0.44696472458968617,0.3339689028185989,0.3822919475634072,0.23631702085404024
r19,1111008,01,Nicaragua,Dakban,0.05,462436,1686982,17865,3518862,0.21514475081161505,0.962804574631325,0.35169993447969156,0.21337130407058053
r19,1111008,01,Nicaragua,Dakban,0.1,432104,927911,48197,4277933,0.3177200251467815,0.8996525095721225,0.4695976125839258,0.3068458442336807
r19,1111008,01,Nicaragua,Dakban,0.15,404179,571050,76122,4634794,0.4144452226092538,0.8415118852552879,0.5553702087899253,0.38443773772983525
r19,1111008,01,Nicaragua,Dakban,0.2,385998,426978,94303,4778866,0.4747963039499321,0.8036585391244241,0.5969301240182885,0.42544575593615636
r19,1111008,01,Nicaragua,Dakban,0.25,371625,367362,108676,4838482,0.5028843538519622,0.7737335545834799,0.6095770646475648,0.4384112554163624
r19,1111008,01,Nicaragua,Dakban,0.3,359319,336930,120982,4868914,0.5160782995738593,0.7481121213572323,0.6108010709277124,0.43967862207870234
r19,1111008,01,Nicaragua,Dakban,0.35,348047,315606,132254,4890238,0.5244412366100959,0.724643504802197,0.6084982438105029,0.4372960659976605
r19,1111008,01,Nicaragua,Dakban,0.4,337681,297155,142620,4908689,0.5319184797333485,0.7030612053691331,0.605631415691525,0.434340978782079
r19,1111008,01,Nicaragua,Dakban,0.45,327490,279830,152811,4926014,0.5392379635118224,0.6818432607885472,0.6022134548707684,0.4308336326238504
r19,1111008,01,Nicaragua,Dakban,0.5,316806,262125,163495,4943719,0.5472258352031589,0.6595988765378378,0.5981805685628834,0.4267172755264498
r19,1111008,01,Nicaragua,Dakban,0.55,306549,249214,173752,4956630,0.5515822391918858,0.6382435181271744,0.5917568798838682,0.4202093171490648
r19,1111008,01,Nicaragua,Dakban,0.6,295753,237013,184548,4968831,0.5551273917629879,0.6157659467708791,0.5838764859579869,0.41230618669090524
r19,1111008,01,Nicaragua,Dakban,0.65,284427,224733,195874,4981111,0.558620080131982,0.5921849007185078,0.5749130081933497,0.4034230973258027
r19,1111008,01,Nicaragua,Dakban,0.7,272188,212233,208113,4993611,0.5618831553545367,0.5667029633500659,0.5642827674708362,0.39303196666156465
r19,1111008,01,Nicaragua,Dakban,0.75,258971,200035,221330,5005809,0.5641995965194355,0.5391848028632046,0.5514086448839411,0.38065161919992474
r19,1111008,01,Nicaragua,Dakban,0.8,244745,187710,235556,5018134,0.5659432773352141,0.5095658763983418,0.5362769458650505,0.36637869735678
r19,1111008,01,Nicaragua,Dakban,0.85,228751,173970,251550,5031874,0.5680135875705513,0.47626592490958797,0.5181094015777636,0.34962729511165863
r19,1111008,01,Nicaragua,Dakban,0.9,206976,157025,273325,5048819,0.5686138224894987,0.4309297711226918,0.4902890198057093,0.3247568748175973
r19,1111008,01,Nicaragua,Dakban,0.95,153606,128444,326695,5077400,0.5446055663889381,0.31981195125556683,0.4029797298094972,0.25233225734913634
r19,1111009,01,Pakistan,Larkana,0.05,118477527,539285464,103437,273198669,0.1801219111155495,0.9991277099079747,0.30521916538913474,0.18009359036634107
r19,1111009,01,Pakistan,Larkana,0.1,116797558,433519062,1783406,378965071,0.21223701730105843,0.9849604359768909,0.3492240390570764,0.2115514444840834
r19,1111009,01,Pakistan,Larkana,0.15,114457805,335319176,4123159,477164957,0.2544767959123279,0.9652291661248428,0.4027666227134381,0.25216516787150584
r19,1111009,01,Pakistan,Larkana,0.2,112170664,270028699,6410300,542455434,0.2934873127980593,0.9459415762550218,0.4479835087451429,0.2886461009076864
r19,1111009,01,Pakistan,Larkana,0.25,109968599,225360221,8612365,587123912,0.3279425818514496,0.9273714371220663,0.4845394520070534,0.319730825489829
r19,1111009,01,Pakistan,Larkana,0.3,107817064,192801268,10763900,619682865,0.35865099537575773,0.9092274203471646,0.5143952531828679,0.3462531028424255
r19,1111009,01,Pakistan,Larkana,0.35,105728848,167357061,12852116,645127072,0.387163323025942,0.8916173762932135,0.5398917053676888,0.3697614124599203
r19,1111009,01,Pakistan,Larkana,0.4,103710986,146422003,14869978,666062130,0.4146233826038836,0.8746006315145153,0.5625552554014684,0.3913578295898853
r19,1111009,01,Pakistan,Larkana,0.45,101745923,128142875,16835041,684341258,0.4425875635749768,0.8580291436996582,0.5839584038284503,0.4123878884682886
r19,1111009,01,Pakistan,Larkana,0.5,99807519,109447480,18773445,703036653,0.47696599592347133,0.8416824727449509,0.6088869450847892,0.4376976716115293
r19,1111009,01,Pakistan,Larkana,0.55,97891155,98993885,20689809,713490248,0.49719955868663257,0.8255216663612214,0.620613021744175,0.44991944358421687
r19,1111009,01,Pakistan,Larkana,0.6,95963171,90276993,22617793,722207140,0.5152657135761542,0.8092628678579472,0.6296359548935203,0.4594661959659023
r19,1111009,01,Pakistan,Larkana,0.65,93977651,82429808,24603313,730054325,0.532730597292941,0.7925188650009626,0.6371616217630345,0.46752544684520686
r19,1111009,01,Pakistan,Larkana,0.7,91868467,75070605,26712497,737413528,0.5503113555105901,0.7747319966128796,0.643516779326828,0.4744008399952597
r19,1111009,01,Pakistan,Larkana,0.75,89545778,67906762,29035186,744577371,0.5687159953088086,0.7551446284413744,0.6488036901491494,0.48016982093502497
r19,1111009,01,Pakistan,Larkana,0.8,86856989,60691311,31723975,751792822,0.5886681784879935,0.7324699181902418,0.6527428640842746,0.4844976112452414
r19,1111009,01,Pakistan,Larkana,0.85,83520527,53143807,35060437,759340326,0.6111362383692588,0.7043333447685582,0.654433422706968,0.4863627216599986
r19,1111009,01,Pakistan,Larkana,0.9,78846343,44647311,39734621,767836822,0.6384647343903194,0.6649156857925358,0.6514218107740647,0.48304341266854656
r19,1111009,01,Pakistan,Larkana,0.95,70191503,33647395,48389461,778836738,0.6759654074911311,0.5919289288287453,0.631162184607416,0.4610934747053274
r19,1111010,01,Peru,Sechura,0.05,4730423,15869590,910,4327162,0.2296320395525964,0.999807665197102,0.3734837461854574,0.22962189606747233
r19,1111010,01,Peru,Sechura,0.1,4723856,8303135,7477,11893617,0.3626206543015191,0.9984196842623422,0.5320159717775169,0.3624126431550563
r19,1111010,01,Peru,Sechura,0.15,4708538,5084787,22795,15111965,0.48079053845348746,0.9951821188658672,0.6483509628935842,0.47967404636455135
r19,1111010,01,Peru,Sechura,0.2,4684638,3830126,46695,16366626,0.5501782550872814,0.9901306883282154,0.7073235232989763,0.5471775313062879
r19,1111010,01,Peru,Sechura,0.25,4653739,3139786,77594,17056966,0.5971288986690875,0.9835999706636587,0.7431204409662768,0.5912423633793366
r19,1111010,01,Peru,Sechura,0.3,4614338,2664887,116995,17531865,0.6339051203939979,0.975272296412026,0.7683802867443794,0.6238778727512162
r19,1111010,01,Peru,Sechura,0.35,4564474,2294153,166859,17902599,0.665508417355252,0.9647331946409183,0.7876600091803595,0.6497022412399655
r19,1111010,01,Peru,Sechura,0.4,4502782,1988476,228551,18208276,0.6936686232468344,0.9516941631459886,0.8024496303928389,0.6700758905498654
r19,1111010,01,Peru,Sechura,0.45,4427457,1730783,303876,18465969,0.7189484333186105,0.9357737026753349,0.8131553000287522,0.6851404400663808
r19,1111010,01,Peru,Sechura,0.5,4338007,1517410,393326,18679342,0.7408536403128931,0.9168678256212361,0.8195162821451342,0.6942207416755658
r19,1111010,01,Peru,Sechura,0.55,4237948,1345861,493385,18850891,0.7589708029053286,0.8957196629364282,0.8216945535020266,0.6973527585263857
r19,1111010,01,Peru,Sechura,0.6,4131230,1207281,600103,18989471,0.7738543575165435,0.8731640744796445,0.8205151936812526,0.6956555856299129
r19,1111010,01,Peru,Sechura,0.65,4023538,1097000,707795,19099752,0.7857646989437438,0.850402624376682,0.8168068786121945,0.6903411318467905
r19,1111010,01,Peru,Sechura,0.7,3921250,1006965,810083,19189787,0.7956734842128438,0.8287833471032371,0.8118909911726718,0.6833472224691015
r19,1111010,01,Peru,Sechura,0.75,3826865,927639,904468,19269113,0.8048925818550158,0.8088344236180375,0.8068586883793175,0.6762473820333446
r19,1111010,01,Peru,Sechura,0.8,3736361,847935,994972,19348817,0.8150348494076298,0.789705776363659,0.8021704170485965,0.6696865968797341
r19,1111010,01,Peru,Sechura,0.85,3638459,756516,1092874,19440236,0.8278679628439297,0.7690135105687974,0.7973561707538251,0.6630027539023031
r19,1111010,01,Peru,Sechura,0.9,3508956,636400,1222377,19560352,0.8464788066453158,0.7416421545471434,0.7906001888767308,0.6537128430195764
r19,1111010,01,Peru,Sechura,0.95,3269460,432137,1461873,19764615,0.8832566051895979,0.6910230161351991,0.7754030924008619,0.6331904707493217
r19,1111011,01,Philippines,Tuguegarao,0.05,10507722,26493112,31636,126952245,0.2839860852866181,0.9969982991373858,0.44205635517837205,0.2837434824088158
r19,1111011,01,Philippines,Tuguegarao,0.1,10241432,16127470,297926,137317887,0.3883905367011489,0.9717320542674421,0.554966936940403,0.38405137648917226
r19,1111011,01,Philippines,Tuguegarao,0.15,9875558,11397514,663800,142047843,0.46422810960259997,0.9370170365215794,0.6208615940372993,0.4501807732661247
r19,1111011,01,Philippines,Tuguegarao,0.2,9578112,8994536,961246,144450821,0.5157106299543286,0.9087946343600816,0.6580180012328933,0.49033295665472537
r19,1111011,01,Philippines,Tuguegarao,0.25,9323365,7569148,1215993,145876209,0.5519229140152209,0.8846236174916916,0.6797469264856196,0.5148610824106639
r19,1111011,01,Philippines,Tuguegarao,0.3,9095198,6628044,1444160,146817313,0.57845563911056,0.8629745758707503,0.692635001865771,0.5297946654945227
r19,1111011,01,Philippines,Tuguegarao,0.35,8886056,5938409,1653302,147506948,0.5994183263949154,0.843130672665261,0.7006874318591484,0.539275497705484
r19,1111011,01,Philippines,Tuguegarao,0.4,8693891,5385236,1845467,148060121,0.6175021363185373,0.8248975886387008,0.7062896843570998,0.545941139849468
r19,1111011,01,Philippines,Tuguegarao,0.45,8512803,4924921,2026555,148520436,0.6335003606265466,0.8077155173967902,0.7100783156182223,0.5504817263061537
r19,1111011,01,Philippines,Tuguegarao,0.5,8334158,4518574,2205200,148926783,0.6484347452354877,0.7907652439550872,0.7125620669209122,0.5534729470155663
r19,1111011,01,Philippines,Tuguegarao,0.55,8160209,4260605,2379149,149184752,0.6569786005973521,0.7742605384502548,0.71081427438784,0.5513668513901014
r19,1111011,01,Philippines,Tuguegarao,0.6,7984490,4040424,2554868,149404933,0.6639956011327814,0.7575878910271384,0.7077108448258379,0.5476412473108309
r19,1111011,01,Philippines,Tuguegarao,0.65,7801349,3838519,2738009,149606838,0.6702265867619804,0.7402110261365066,0.703482529101782,0.5425939448501333
r19,1111011,01,Philippines,Tuguegarao,0.7,7605872,3646608,2933486,149798749,0.6759285064270276,0.7216636914696322,0.6980477736664524,0.5361546756844052
r19,1111011,01,Philippines,Tuguegarao,0.75,7392186,3456255,3147172,149989102,0.6814053742837335,0.701388642458108,0.6912526155683435,0.5281787943121891
r19,1111011,01,Philippines,Tuguegarao,0.8,7150858,3260665,3388500,150184692,0.6868215149695198,0.6784908530481648,0.6826307686058644,0.5181772523132752
r19,1111011,01,Philippines,Tuguegarao,0.85,6860694,3044363,3678664,150400994,0.6926455849774514,0.6509593848126233,0.6711558144363632,0.5050673523109022
r19,1111011,01,Philippines,Tuguegarao,0.9,6463801,2774914,4075557,150670443,0.6996428615884351,0.6133012086694465,0.6536330409944386,0.48547911594415377
r19,1111011,01,Philippines,Tuguegarao,0.95,5683092,2292765,4856266,151152592,0.7125368471375553,0.5392256340471592,0.6138834466680511,0.442880106432895
r19,1111013,01,USA,St Louis,0.05,15562636,116020333,455636,300527199,0.11827241867448667,0.9715552339228601,0.21087405355893996,0.11786428673644349
r19,1111013,01,USA,St Louis,0.1,13355746,63837151,2662526,352710381,0.17301781017494394,0.8337819460176479,0.28656964918013206,0.16724907962731597
r19,1111013,01,USA,St Louis,0.15,12309715,38226099,3708557,378321433,0.24358398580460186,0.7684795838152829,0.36991613106969873,0.2269307353568539
r19,1111013,01,USA,St Louis,0.2,11405505,24817360,4612767,391730172,0.31487031740863125,0.7120309231857219,0.4366484213389153,0.2793027667601667
r19,1111013,01,USA,St Louis,0.25,10590930,17677532,5427342,398870000,0.37465533144321755,0.661178059655873,0.47828905152500073,0.3143100547474694
r19,1111013,01,USA,St Louis,0.3,9797675,13533281,6220597,403014251,0.41994314334997673,0.6116561761468403,0.49798562757063497,0.3315451813987576
r19,1111013,01,USA,St Louis,0.35,8994980,10826951,7023292,405720581,0.45378929025633274,0.5615449656492286,0.5019491658571241,0.3350681795416637
r19,1111013,01,USA,St Louis,0.4,8176479,8903927,7841793,407643605,0.4787051900288553,0.5104470070179855,0.4940668023055181,0.32808015857669703
r19,1111013,01,USA,St Louis,0.45,7343943,7418344,8674329,409129188,0.49748003137996166,0.4584728614921759,0.47718061260680805,0.3133533868541431
r19,1111013,01,USA,St Louis,0.5,6519128,6159091,9499144,410388441,0.514199036946751,0.4069807280086142,0.45435018518466247,0.2939541549642309
r19,1111013,01,USA,St Louis,0.55,5730210,5351486,10288062,411196046,0.5170878176048143,0.3577295977993132,0.4228942262957653,0.2681457600034591
r19,1111013,01,USA,St Louis,0.6,5004022,4661881,11014250,411885651,0.5176983464452313,0.31239462034356763,0.3896579897933261,0.24197219430629938
r19,1111013,01,USA,St Louis,0.65,4356567,4063818,11661705,412483714,0.517383350048721,0.27197484223017315,0.3565308028178472,0.21693792827340183
r19,1111013,01,USA,St Louis,0.7,3789755,3542404,12228517,413005128,0.5168675420159329,0.23658950228838665,0.32459829114075023,0.1937435597829032
r19,1111013,01,USA,St Louis,0.75,3285815,3077983,12732457,413469549,0.5163292423801007,0.20512917997646687,0.29361135944977385,0.17206593648859422
r19,1111013,01,USA,St Louis,0.8,2811222,2641714,13207050,413905818,0.5155428195012742,0.17550095291177475,0.26185969601710346,0.15065509695452076
r19,1111013,01,USA,St Louis,0.85,2321558,2193457,13696714,414354075,0.5141861101236651,0.14493186281266793,0.2261262894732831,0.12747597990284174
r19,1111013,01,USA,St Louis,0.9,1750362,1672664,14267910,414874868,0.5113493149044149,0.10927283542194814,0.18006637211157406,0.09894117530016501
r19,1111013,01,USA,St Louis,0.95,961528,943382,15056744,415604150,0.5047629546802737,0.06002694922398621,0.10729434092673946,0.05668833947444041
r19,118,01,Spain,Zaragoza,0.05,535155,7345298,16227,532888,0.06790916715067015,0.9705703124149864,0.12693678185116292,0.06776961963761986
r19,118,01,Spain,Zaragoza,0.1,498167,5536803,53215,2341383,0.08254672351312434,0.9034879629730387,0.1512725101846971,0.08182520734833124
r19,118,01,Spain,Zaragoza,0.15,439778,3379143,111604,4499043,0.11515765840665465,0.7975922318827963,0.20125744141767746,0.11188785213171268
r19,118,01,Spain,Zaragoza,0.2,386996,2079701,164386,5798485,0.1568883409676989,0.7018654943396774,0.2564518688874612,0.1470861998652266
r19,118,01,Spain,Zaragoza,0.25,337530,1289879,213852,6588307,0.2074033018128817,0.6121527362155457,0.30983237951689724,0.18331458712262955
r19,118,01,Spain,Zaragoza,0.3,288198,835946,263184,7042240,0.2563710698985183,0.52268300379773,0.344008985834896,0.20773602205102182
r19,118,01,Spain,Zaragoza,0.35,243605,555758,307777,7322428,0.30474890631665463,0.44180803871000507,0.3606972448537659,0.2200308904022978
r19,118,01,Spain,Zaragoza,0.4,206790,367906,344592,7510280,0.35982502053259463,0.37503944633665953,0.36727473585311143,0.2249458276405218
r19,118,01,Spain,Zaragoza,0.45,175508,233989,375874,7644197,0.42859410447451385,0.31830563928456135,0.3653071822778935,0.2234714548920192
r19,118,01,Spain,Zaragoza,0.5,150619,126534,400763,7751652,0.5434507293805226,0.27316633477335134,0.36357908839095515,0.2221794440609161
r19,118,01,Spain,Zaragoza,0.55,132339,99852,419043,7778334,0.5699574918924506,0.2400132757326137,0.3377834611452922,0.20321267010014835
r19,118,01,Spain,Zaragoza,0.6,118204,83159,433178,7795027,0.5870194623639894,0.21437769096561005,0.3140612026649131,0.18628268307327658
r19,118,01,Spain,Zaragoza,0.65,105463,70405,445919,7807781,0.599671344417404,0.19127029899416376,0.2900323135097972,0.16961274520052688
r19,118,01,Spain,Zaragoza,0.7,92040,60371,459342,7817815,0.6038934197662899,0.1669260149950488,0.2615541785723927,0.15045287885797046
r19,118,01,Spain,Zaragoza,0.75,76718,51628,474664,7826558,0.5977435993330529,0.13913765774000603,0.2257314690582115,0.1272250874778196
r19,118,01,Spain,Zaragoza,0.8,59367,42524,492015,7835662,0.5826520497394274,0.10766945602141528,0.18175249857257225,0.09996026307193394
r19,118,01,Spain,Zaragoza,0.85,39901,27742,511481,7850444,0.5898762621409458,0.0723654381173125,0.1289156334558378,0.06889888866633052
r19,118,01,Spain,Zaragoza,0.9,16586,5345,534796,7872841,0.7562810633350052,0.030080778842980004,0.05786019155330509,0.029791980629644332
r19,118,01,Spain,Zaragoza,0.95,6,78,551376,7878108,0.07142857142857142,1.0881748044005788e-05,2.176018104470629e-05,1.088020890001088e-05
r19,118,02,Spain,Trespaderne,0.05,64892,5314151,1847,3349734,0.012063855968431559,0.9723250273453303,0.023832022655332148,0.012059715028554756
r19,118,02,Spain,Trespaderne,0.1,56551,3483934,10188,5179951,0.015972670410974766,0.8473456299914592,0.03135430458435628,0.015926839785021036
r19,118,02,Spain,Trespaderne,0.15,44180,2511304,22559,6152581,0.017288310159640993,0.6619817498014654,0.03369660017473724,0.01713702990989677
r19,118,02,Spain,Trespaderne,0.2,35172,1914354,31567,6749531,0.01804130850268219,0.5270081961072237,0.03488827113499466,0.017753835887563078
r19,118,02,Spain,Trespaderne,0.25,27852,1491588,38887,7172297,0.018330437529616175,0.417327199988013,0.03511835675544816,0.01787301381545722
r19,118,02,Spain,Trespaderne,0.3,21837,1164693,44902,7499192,0.018404085863821393,0.32719998801300587,0.03484806533952407,0.017733013272352837
r19,118,02,Spain,Trespaderne,0.35,16878,899885,49861,7764000,0.01841042886765718,0.25289560826503243,0.03432224845501077,0.017460770682292185
r19,118,02,Spain,Trespaderne,0.4,12849,683183,53890,7980702,0.01846035814445313,0.19252610917154886,0.03369032121042882,0.017133781913318984
r19,118,02,Spain,Trespaderne,0.45,9958,502570,56781,8161315,0.01942918240564418,0.14920810920151636,0.034381381987926125,0.017491379900897403
r19,118,02,Spain,Trespaderne,0.5,7768,340861,58971,8323024,0.022281565790568197,0.11639371282158857,0.0374029776005855,0.019057899901864572
r19,118,02,Spain,Trespaderne,0.55,5924,246946,60815,8416939,0.0234270573812631,0.0887636913948366,0.0370702952670294,0.018885187369494877
r19,118,02,Spain,Trespaderne,0.6,4146,177210,62593,8486675,0.022861112949116656,0.06212259698227423,0.03342268082790866,0.016995355586618514
r19,118,02,Spain,Trespaderne,0.65,2680,126485,64059,8537400,0.020748654821352533,0.04015643027315363,0.02736033975824894,0.013869912640251728
r19,118,02,Spain,Trespaderne,0.7,1510,91853,65229,8572032,0.016173430588134485,0.022625451385247006,0.01886297485353087,0.009521287328490719
r19,118,02,Spain,Trespaderne,0.75,786,65774,65953,8598111,0.01180889423076923,0.011777221714439833,0.011793036706952042,0.005931493513843924
r19,118,02,Spain,Trespaderne,0.8,365,44459,66374,8619426,0.008142959129038015,0.005469066063321296,0.006543388040837912,0.0032824331372866417
r19,118,02,Spain,Trespaderne,0.85,97,27535,66642,8636350,0.0035104226983207875,0.0014534230360059336,0.002055716268769008,0.0010289157137704987
r19,118,02,Spain,Trespaderne,0.9,5,13745,66734,8650140,0.0003636363636363636,7.491871319618214e-05,0.0001242405794580626,6.212414889916008e-05
r19,118,02,Spain,Trespaderne,0.95,0,2966,66739,8660919,0.0,0.0,0.0,0.0
r19,130,06,Myanmar,Pathein,0.05,7707213,1320035,159509,9325809,0.8537721573618007,0.9797235748257025,0.9124217694242385,0.8389481728971387
r19,130,06,Myanmar,Pathein,0.1,7345966,1038542,520756,9607302,0.8761356062872144,0.9338026690151248,0.9040504626419047,0.8249015413804689
r19,130,06,Myanmar,Pathein,0.15,7017750,862230,848972,9783614,0.8905796715220089,0.8920805896026325,0.8913294987102697,0.8039624917172188
r19,130,06,Myanmar,Pathein,0.2,6769761,754362,1096961,9891482,0.8997408734546205,0.860556785914133,0.8797127123299597,0.7852563552332862
r19,130,06,Myanmar,Pathein,0.25,6562130,681601,1304592,9964243,0.9059047057379684,0.8341632003774889,0.8685550327313152,0.7676511521616579
r19,130,06,Myanmar,Pathein,0.3,6372381,626365,1494341,10019479,0.9105032530113252,0.8100427344451729,0.857340111996474,0.7503020986362202
r19,130,06,Myanmar,Pathein,0.35,6188239,580753,1678483,10065091,0.9142039169199786,0.7866350177367396,0.8456354093828288,0.7325548758652733
r19,130,06,Myanmar,Pathein,0.4,6000956,540700,1865766,10105144,0.9173450881550482,0.7628280241757621,0.8329814778596175,0.7137688580399556
r19,130,06,Myanmar,Pathein,0.45,5802334,504522,2064388,10141322,0.9200041986054541,0.7375796424482777,0.8187535991264873,0.6931268518753008
r19,130,06,Myanmar,Pathein,0.5,5589072,468781,2277650,10177063,0.9226159829233228,0.7104702568617526,0.8027637468288978,0.6705140649580476
r19,130,06,Myanmar,Pathein,0.55,5362895,437375,2503827,10208469,0.9245940275194086,0.6817191455348238,0.7847952204845076,0.6458131450054112
r19,130,06,Myanmar,Pathein,0.6,5128410,404907,2738312,10240937,0.9268238201426017,0.6519119399414394,0.7654321006080654,0.6200000024179034
r19,130,06,Myanmar,Pathein,0.65,4891738,372068,2974984,10273776,0.9293157840543516,0.6218267278289483,0.7450938758898348,0.5937447125123956
r19,130,06,Myanmar,Pathein,0.7,4658552,339676,3208170,10306168,0.9320407152294773,0.5921846481927289,0.7242238796108809,0.5676731740283618
r19,130,06,Myanmar,Pathein,0.75,4430888,308765,3435834,10337079,0.9348549355828369,0.5632445127716474,0.7029598913248256,0.5419723620134189
r19,130,06,Myanmar,Pathein,0.8,4194900,279002,3671822,10366842,0.9376378829934138,0.5332462492001115,0.6798521695499352,0.5149818481451127
r19,130,06,Myanmar,Pathein,0.85,3921370,246603,3945352,10399241,0.9408338297776881,0.4984757310605358,0.6516775040829867,0.4833246541954131
r19,130,06,Myanmar,Pathein,0.9,3544523,205732,4322199,10440112,0.9451418636866027,0.4505717883509802,0.6102315602415327,0.43908865878950815
r19,130,06,Myanmar,Pathein,0.95,2843209,132423,5023513,10513421,0.9554975211988579,0.36142233067343676,0.5244634144946752,0.3554391125551543
r20,1111002,01,Cameroon,Djagala,0.05,116810,1116173,0,188279,0.09473772144465901,1.0,0.1730783905384011,0.09473772144465901
r20,1111002,01,Cameroon,Djagala,0.1,116810,871764,0,432688,0.11816009727142328,1.0,0.21134736887814554,0.11816009727142328
r20,1111002,01,Cameroon,Djagala,0.15,116810,706687,0,597765,0.14184629695068712,1.0,0.24845077192874243,0.14184629695068712
r20,1111002,01,Cameroon,Djagala,0.2,116794,610501,16,693951,0.16058683202826912,0.9998630254259053,0.2767286060383483,0.16058329930387413
r20,1111002,01,Cameroon,Djagala,0.25,116783,545744,27,758708,0.1762690426201498,0.9997688554062152,0.2996983333269176,0.17626185941070463
r20,1111002,01,Cameroon,Djagala,0.3,116765,487463,45,816989,0.19324658903592684,0.9996147590103587,0.3238802947972229,0.1932321980296985
r20,1111002,01,Cameroon,Djagala,0.35,116725,416494,85,887958,0.21890630303871392,0.999272322575122,0.3591378230817394,0.21887141292771103
r20,1111002,01,Cameroon,Djagala,0.4,116641,342983,169,961469,0.25377482463927037,0.9985532060611249,0.40469854311161385,0.2536815480009483
r20,1111002,01,Cameroon,Djagala,0.45,116445,289497,365,1014955,0.2868513235880988,0.996875267528465,0.4455076212047012,0.28659363486230854
r20,1111002,01,Cameroon,Djagala,0.5,116106,245851,704,1058601,0.32077290948924875,0.993973118739834,0.48502089743027405,0.3201502229354687
r20,1111002,01,Cameroon,Djagala,0.55,115562,208256,1248,1096196,0.35687330537524165,0.9893159832206146,0.5245331662990095,0.35550319012139076
r20,1111002,01,Cameroon,Djagala,0.6,114436,176166,2374,1128286,0.39378944398180327,0.9796763975687013,0.5617703945882792,0.3905985473212823
r20,1111002,01,Cameroon,Djagala,0.65,112883,149425,3927,1155027,0.4303452429967824,0.9663813029706361,0.5955032470101657,0.42399759610870097
r20,1111002,01,Cameroon,Djagala,0.7,110425,125113,6385,1179339,0.4688203177406618,0.9453385840253403,0.6267951002985684,0.45644688599265054
r20,1111002,01,Cameroon,Djagala,0.75,107147,103497,9663,1200955,0.5086639068760563,0.9172759181576919,0.6544247436281126,0.4863531344895986
r20,1111002,01,Cameroon,Djagala,0.8,101805,81821,15005,1222631,0.5544149521309618,0.8715435322318295,0.6777150541213436,0.5125332903726004
r20,1111002,01,Cameroon,Djagala,0.83,97122,68562,19688,1235890,0.586188165423336,0.8314527865764917,0.6876039845094055,0.5239302591545649
r20,1111002,01,Cameroon,Djagala,0.85,93081,59496,23729,1244956,0.610059183232073,0.7968581457067032,0.6910578461469931,0.5279514026748948
r20,1111002,01,Cameroon,Djagala,0.9,78290,37721,38520,1266731,0.6748497987259828,0.670233712867049,0.6725338350062924,0.5066297377225282
r20,1111002,01,Cameroon,Djagala,0.95,55246,23127,61564,1281325,0.7049111301085833,0.4729560825271809,0.5660943832198502,0.39479194208822543
r20,1111003,01,Djibouti,Djibouti,0.05,6961,774061,0,34468,0.008912681076845466,1.0,0.01766789385050185,0.008912681076845466
r20,1111003,01,Djibouti,Djibouti,0.1,6961,714502,0,94027,0.009648450440285918,1.0,0.019112494920540783,0.009648450440285918
r20,1111003,01,Djibouti,Djibouti,0.15,6961,671499,0,137030,0.010260000589570498,1.0,0.020311604109007456,0.010260000589570498
r20,1111003,01,Djibouti,Djibouti,0.2,6961,636812,0,171717,0.01081281756146965,1.0,0.021394302433866988,0.01081281756146965
r20,1111003,01,Djibouti,Djibouti,0.25,6961,606096,0,202433,0.011354572250214906,1.0,0.022454186813931208,0.011354572250214906
r20,1111003,01,Djibouti,Djibouti,0.3,6959,579290,2,229239,0.011870382721335133,0.9997126849590576,0.02346218034085737,0.011870342225429039
r20,1111003,01,Djibouti,Djibouti,0.35,6951,550055,10,258474,0.01247921925437069,0.998563424795288,0.02465037847959189,0.012478995217372571
r20,1111003,01,Djibouti,Djibouti,0.4,6939,519776,22,288753,0.013174107439507135,0.9968395345496337,0.0260045420817125,0.013173557202171102
r20,1111003,01,Djibouti,Djibouti,0.45,6915,486757,46,321772,0.014007276086146268,0.9933917540583249,0.027625026716177326,0.014005971019893948
r20,1111003,01,Djibouti,Djibouti,0.5,6876,451193,85,357336,0.015010838978407184,0.9877891107599482,0.02957228565898974,0.015008054060425097
r20,1111003,01,Djibouti,Djibouti,0.55,6800,414321,161,394208,0.016147378069485966,0.9768711392041374,0.03176961423278717,0.016141207077444562
r20,1111003,01,Djibouti,Djibouti,0.6,6694,373195,267,435334,0.017620936642019115,0.9616434420341905,0.03460772909396406,0.01760856069613527
r20,1111003,01,Djibouti,Djibouti,0.65,6570,328877,391,479652,0.019585806401607408,0.9438299094957621,0.038375271605803604,0.0195630035910171
r20,1111003,01,Djibouti,Djibouti,0.7,6359,284218,602,524311,0.02188404450455473,0.9135181726763396,0.04274412007877985,0.021838800188200384
r20,1111003,01,Djibouti,Djibouti,0.75,6043,240817,918,567712,0.02447946204326339,0.8681223962074415,0.04761623348737891,0.024388767364334204
r20,1111003,01,Djibouti,Djibouti,0.8,5473,196704,1488,611825,0.027070339356108756,0.7862376095388593,0.05233864720901988,0.026872560331917608
r20,1111003,01,Djibouti,Djibouti,0.83,4920,169945,2041,638584,0.02813599062133646,0.7067950007182876,0.05411767294006359,0.027811380054944435
r20,1111003,01,Djibouti,Djibouti,0.85,4450,153406,2511,655123,0.0281902493411717,0.6392759660968251,0.05399928405443614,0.027748851072851646
r20,1111003,01,Djibouti,Djibouti,0.9,2810,109810,4151,698719,0.024951163203693838,0.40367763252406264,0.04699743270251963,0.024064194020775705
r20,1111003,01,Djibouti,Djibouti,0.95,876,57706,6085,750823,0.014953398654876925,0.12584398793276827,0.026730543307447018,0.013546321926175638
r20,1111004,01,USA,Houston,0.05,16068493,103822053,76853,126686167,0.13402635600641938,0.9952399285837541,0.23623902139003133,0.13394049661775195
r20,1111004,01,USA,Houston,0.1,15963638,63196871,181708,167311349,0.20166163913877816,0.988745487399279,0.3349980544217352,0.2011997975806499
r20,1111004,01,USA,Houston,0.15,15871156,48780762,274190,181727458,0.24548623599998998,0.9830173970876809,0.3928636989490139,0.24444952098468617
r20,1111004,01,USA,Houston,0.2,15783369,40930766,361977,189577454,0.27829691839609294,0.9775801026500145,0.4332550488521871,0.2765319578880916
r20,1111004,01,USA,Houston,0.25,15693479,35588835,451867,194919385,0.3060212727530197,0.9720125539582738,0.46549083862616625,0.3033483607288574
r20,1111004,01,USA,Houston,0.3,15598532,31273954,546814,199234266,0.33278653067387975,0.9661317880706923,0.49505136895220386,0.328949014430833
r20,1111004,01,USA,Houston,0.35,15494901,27610042,650445,202898178,0.3594692376695638,0.9597131582067056,0.5230320817506898,0.3541255536346747
r20,1111004,01,USA,Houston,0.4,15377884,24479273,767462,206028947,0.38582490968936894,0.9524654349309083,0.5491855962223688,0.37853607931683003
r20,1111004,01,USA,Houston,0.45,15244499,21779869,900847,208728351,0.41174231522331456,0.9442039210556404,0.5734279104830243,0.4019620983032001
r20,1111004,01,USA,Houston,0.5,15087915,19407360,1057431,211100860,0.43739077308413976,0.9345055225202359,0.5958819106898393,0.42438162090953074
r20,1111004,01,USA,Houston,0.55,14897979,17250569,1247367,213257651,0.4634106336622108,0.9227413893762326,0.6169715368158136,0.4461018361077994
r20,1111004,01,USA,Houston,0.6,14663934,15243557,1481412,215264663,0.4903097354438726,0.9082452615137514,0.6368308645132982,0.4671693687415581
r20,1111004,01,USA,Houston,0.65,14363330,13338955,1782016,217169265,0.5184889982902132,0.8896266453503071,0.6551473670265104,0.487151789693098
r20,1111004,01,USA,Houston,0.7,13961949,11481505,2183397,219026715,0.5487442467520329,0.8647661685293087,0.6714283172392567,0.5053760560695101
r20,1111004,01,USA,Houston,0.75,13397714,9661009,2747632,220847211,0.5810258443193059,0.8298189459674633,0.6834858902018562,0.5191633611178332
r20,1111004,01,USA,Houston,0.8,12558068,7888294,3587278,222619926,0.6141957185341823,0.7778134949848705,0.6863887304741281,0.5225204338585416
r20,1111004,01,USA,Houston,0.83,11839114,6870935,4306232,223637285,0.632767664050479,0.7332833870515999,0.6793274900485277,0.5143799730286575
r20,1111004,01,USA,Houston,0.85,11226823,6217627,4918523,224290593,0.6435756358039376,0.6953597030376432,0.6684662806526125,0.5020273020049705
r20,1111004,01,USA,Houston,0.9,9014321,4643525,7131025,225864695,0.660010443813761,0.5583231848979886,0.6049231907776859,0.4336128210137049
r20,1111004,01,USA,Houston,0.95,5350133,2854960,10795213,227653260,0.6520502570781342,0.33137307803747285,0.43942805302195986,0.2815814124256736
r20,1111005,01,Madagascar,Farihy Alaotra,0.05,10206305,47095545,59,10221855,0.17811475545728453,0.9999942192929823,0.30237224169491433,0.17811457206425704
r20,1111005,01,Madagascar,Farihy Alaotra,0.1,10205259,38086745,1105,19230655,0.2113239906134357,0.9998917342160244,0.3489074772137233,0.21131915528569511
r20,1111005,01,Madagascar,Farihy Alaotra,0.15,10202748,33239547,3616,24077853,0.23485748163166795,0.9996457112444745,0.38035426011300677,0.23483793446062162
r20,1111005,01,Madagascar,Farihy Alaotra,0.2,10198666,29874914,7698,27442486,0.254498500009233,0.9992457647013178,0.4056753126057579,0.25444962109242125
r20,1111005,01,Madagascar,Farihy Alaotra,0.25,10192868,27208114,13496,30109286,0.27252942182106343,0.9986776877642224,0.4282056806947399,0.2724311161043059
r20,1111005,01,Madagascar,Farihy Alaotra,0.3,10184988,24854854,21376,32462546,0.2906687764174279,0.9979056204540618,0.45020296287383743,0.2904915625007665
r20,1111005,01,Madagascar,Farihy Alaotra,0.35,10174599,22678336,31765,34639064,0.30970137066901327,0.9968877261285214,0.47258544548066145,0.30940221440365884
r20,1111005,01,Madagascar,Farihy Alaotra,0.4,10161405,20625263,44959,36692137,0.3300586149823034,0.9955950032744276,0.49576254813257037,0.32957732006812357
r20,1111005,01,Madagascar,Farihy Alaotra,0.45,10144174,18666045,62190,38651355,0.35210332833637953,0.9939067428910041,0.5199929476140952,0.35134491202310136
r20,1111005,01,Madagascar,Farihy Alaotra,0.5,10121472,16800194,84892,40517206,0.37596009102854183,0.9916824444042952,0.5452199860859841,0.37477830384753213
r20,1111005,01,Madagascar,Farihy Alaotra,0.55,10091179,15006092,115185,42311308,0.40208272046789467,0.988714394274004,0.5716793185744187,0.4002457753421563
r20,1111005,01,Madagascar,Farihy Alaotra,0.6,10047546,13256738,158818,44060662,0.4311458785861003,0.9844393164892022,0.5996628892404587,0.42822752081118687
r20,1111005,01,Madagascar,Farihy Alaotra,0.65,9986162,11514530,220202,45802870,0.46445770210558807,0.9784250297167532,0.6299015588202197,0.4597491245065696
r20,1111005,01,Madagascar,Farihy Alaotra,0.7,9898598,9775710,307766,47541690,0.5031230577461734,0.9698456766778061,0.6625418598350131,0.4953739036298234
r20,1111005,01,Madagascar,Farihy Alaotra,0.75,9770699,8041221,435665,49276179,0.5485483316790105,0.9573143775785382,0.6974516355105831,0.5354516227763838
r20,1111005,01,Madagascar,Farihy Alaotra,0.8,9581782,6337877,624582,50979523,0.6018836207484093,0.9388046516859481,0.7335048277344011,0.5791611715520827
r20,1111005,01,Madagascar,Farihy Alaotra,0.83,9423807,5350880,782557,51966520,0.6378346289163351,0.9233265637008439,0.754476422949539,0.6057504144050193
r20,1111005,01,Madagascar,Farihy Alaotra,0.85,9293236,4723888,913128,52593512,0.6629916379422769,0.9105334671583337,0.7672913165932173,0.622443345229538
r20,1111005,01,Madagascar,Farihy Alaotra,0.9,8812257,3359349,1394107,53958051,0.7240011712505318,0.8634080657911084,0.7875832347616875,0.6495977763940606
r20,1111005,01,Madagascar,Farihy Alaotra,0.95,7645201,2398090,2561163,54919310,0.7612246822281661,0.749062153769942,0.7550944448189365,0.6065475743733127
r20,1111006,01,Madagascar,Ambato Boeny,0.05,2688622,21104411,14,9633971,0.11300038965187835,0.9999947928987041,0.20305532857464537,0.11300032316163626
r20,1111006,01,Madagascar,Ambato Boeny,0.1,2688489,16103351,147,14635031,0.14306683113521615,0.9999453254363923,0.250319313221923,0.1430657119973529
r20,1111006,01,Madagascar,Ambato Boeny,0.15,2688174,13811631,462,16926751,0.1629215618002758,0.9998281656572329,0.28018680621317804,0.1629170000703625
r20,1111006,01,Madagascar,Ambato Boeny,0.2,2687551,12348057,1085,18390325,0.1787457480934592,0.9995964496495621,0.30326269487149915,0.17873285036809622
r20,1111006,01,Madagascar,Ambato Boeny,0.25,2686415,11218829,2221,19519553,0.1931943804797672,0.9991739305729745,0.3237838287368596,0.1931635276450453
r20,1111006,01,Madagascar,Ambato Boeny,0.3,2684858,10226374,3778,20512008,0.20794746775520725,0.998594826521701,0.34421547669505925,0.20788663733129126
r20,1111006,01,Madagascar,Ambato Boeny,0.35,2682731,9311761,5905,21426621,0.223663578249083,0.9978037190605199,0.3654168239900926,0.22355352077102117
r20,1111006,01,Madagascar,Ambato Boeny,0.4,2679770,8497593,8866,22240789,0.2397497513501172,0.9967024171364216,0.3865238992156281,0.23955973009313505
r20,1111006,01,Madagascar,Ambato Boeny,0.45,2675672,7775872,12964,22962510,0.25600734207309467,0.9951782241999289,0.4072504334034998,0.2556901862944727
r20,1111006,01,Madagascar,Ambato Boeny,0.5,2669877,7128439,18759,23609943,0.27248325120357414,0.9930228561992028,0.42762669384810637,0.27196257541070024
r20,1111006,01,Madagascar,Ambato Boeny,0.55,2661829,6516128,26807,24222254,0.290024130642582,0.990029516825632,0.44862565017608674,0.28917949444439855
r20,1111006,01,Madagascar,Ambato Boeny,0.6,2650331,5935839,38305,24802543,0.30867441478563784,0.9857529989184107,0.4701333220278912,0.30730345905113066
r20,1111006,01,Madagascar,Ambato Boeny,0.65,2634156,5378424,54480,25359958,0.3287525366361397,0.9797369372425274,0.4923096590144522,0.3265323426378383
r20,1111006,01,Madagascar,Ambato Boeny,0.7,2611391,4833947,77245,25904435,0.3507417661897955,0.9712698185994683,0.5153735346074502,0.3471402043686324
r20,1111006,01,Madagascar,Ambato Boeny,0.75,2578516,4305048,110120,26433334,0.37459025586164374,0.9590424289491029,0.5387509663400264,0.36869209418097815
r20,1111006,01,Madagascar,Ambato Boeny,0.8,2530074,3793439,158562,26944943,0.4001057639954247,0.9410251145934221,0.5614807300678228,0.3903185322601173
r20,1111006,01,Madagascar,Ambato Boeny,0.83,2488161,3490168,200475,27248214,0.41619673323432016,0.9254361691206991,0.5741712352594016,0.40269298071277226
r20,1111006,01,Madagascar,Ambato Boeny,0.85,2452427,3292212,236209,27446170,0.4269070693563164,0.9121454149985345,0.5816072640818661,0.4100467024074178
r20,1111006,01,Madagascar,Ambato Boeny,0.9,2314416,2805344,374220,27933038,0.45205556510461425,0.8608141823586384,0.5928019019527185,0.42126400168912154
r20,1111006,01,Madagascar,Ambato Boeny,0.95,1984451,2265370,704185,28473012,0.46694931386521926,0.7380883838496546,0.5720150748213904,0.4005750093964359
r20,1111007,01,Nepal,Patna,0.05,13740825,122110320,8524,69389215,0.10114618467146523,0.9993800433751445,0.18370026238014964,0.10113983863746938
r20,1111007,01,Nepal,Patna,0.1,13704947,85082276,44402,106417259,0.13873197953949976,0.9967706107394612,0.24356432324951216,0.13866965154119443
r20,1111007,01,Nepal,Patna,0.15,13656950,68780271,92399,122719264,0.165664851802804,0.9932797545541975,0.2839679177664824,0.1654793757683605
r20,1111007,01,Nepal,Patna,0.2,13606780,59042241,142569,132457294,0.18729474688998218,0.9896308545226395,0.3149777015469158,0.18692791296357175
r20,1111007,01,Nepal,Patna,0.25,13555452,52132048,193897,139367487,0.20636273263558516,0.9858977323217266,0.3412887638581938,0.2057553819024208
r20,1111007,01,Nepal,Patna,0.3,13502602,46567581,246747,144931954,0.22478043724288305,0.9820539139707632,0.36582735311841313,0.22386089610329968
r20,1111007,01,Nepal,Patna,0.35,13444765,41748257,304584,149751278,0.24359537696631287,0.9778473875381299,0.39002908675711195,0.2422584678697672
r20,1111007,01,Nepal,Patna,0.4,13380445,37480749,368904,154018786,0.2630776815817576,0.9731693478723974,0.4141876659355734,0.26118327940735153
r20,1111007,01,Nepal,Patna,0.45,13308712,33662421,440637,157837114,0.283338108961519,0.9679521554075033,0.43835989312469564,0.2807048123282468
r20,1111007,01,Nepal,Patna,0.5,13226455,30239172,522894,161260363,0.3042968872852104,0.9619695448853615,0.4623424118888033,0.30067969323178656
r20,1111007,01,Nepal,Patna,0.55,13129693,27095807,619656,164403728,0.3264022324147618,0.9549319753247953,0.4865115231725799,0.3214504309886832
r20,1111007,01,Nepal,Patna,0.6,13015350,24124215,733999,167375320,0.35044433072923714,0.9466157270427858,0.5115200532673972,0.3436526332721156
r20,1111007,01,Nepal,Patna,0.65,12876656,21265846,872693,170233689,0.37714447523500183,0.9365284130906852,0.5377389151235771,0.36774480336322557
r20,1111007,01,Nepal,Patna,0.7,12701130,18509713,1048219,172989822,0.4069460731964209,0.9237622813996502,0.56499447333321,0.39372285530186835
r20,1111007,01,Nepal,Patna,0.75,12472379,15909230,1276970,175590305,0.43945285131649864,0.9071250573390783,0.5920766862220412,0.4205319142228628
r20,1111007,01,Nepal,Patna,0.8,12160994,13550339,1588355,177949196,0.4729818558998866,0.8844778032763587,0.6163600517598758,0.44546274668047486
r20,1111007,01,Nepal,Patna,0.83,11915555,12290954,1833794,179208581,0.4922459079084886,0.8666268490239065,0.6278638201249462,0.4575812731518523
r20,1111007,01,Nepal,Patna,0.85,11712928,11523913,2036421,179975622,0.5040671406238051,0.8518896421932413,0.6333676434366449,0.46345137402524456
r20,1111007,01,Nepal,Patna,0.9,10990186,9817053,2759163,181682482,0.5281905013923279,0.7993240989082465,0.6360689313424115,0.4663497635319978
r20,1111007,01,Nepal,Patna,0.95,9486266,8141050,4263083,183358485,0.5381571420175368,0.6899429202066222,0.6046701266689751,0.43335281371527307
r20,1111008,01,Nicaragua,Dakban,0.05,480281,3930008,20,1275836,0.1089001196973713,0.9999583594454311,0.1964102490701531,0.10889962585388008
r20,1111008,01,Nicaragua,Dakban,0.1,480115,2909806,186,2296038,0.14163014418330103,0.9996127428425092,0.24810721452154424,0.14162237357109966
r20,1111008,01,Nicaragua,Dakban,0.15,479626,2400762,675,2805082,0.16651437236927802,0.9985946312832994,0.2854331358837428,0.1664753599626249
r20,1111008,01,Nicaragua,Dakban,0.2,479102,2051763,1199,3154081,0.18930365705005997,0.9975036487535941,0.3182169299201705,0.1892140167073186
r20,1111008,01,Nicaragua,Dakban,0.25,478355,1798210,1946,3407634,0.2101213890224966,0.9959483740404454,0.3470281109056443,0.20994193137535874
r20,1111008,01,Nicaragua,Dakban,0.3,477362,1587367,2939,3618477,0.23119838002953413,0.9938809205060993,0.3751327096340711,0.2308697527842961
r20,1111008,01,Nicaragua,Dakban,0.35,475995,1367925,4306,3837919,0.2581429780033841,0.9910347886013146,0.4095953009632045,0.25754155606511325
r20,1111008,01,Nicaragua,Dakban,0.4,474153,1160796,6148,4045048,0.2900108810733546,0.9871996935255184,0.448318638458811,0.28892442067714463
r20,1111008,01,Nicaragua,Dakban,0.45,471803,993300,8498,4212544,0.32202718853213735,0.982306928363672,0.48504372356590203,0.32017011389107364
r20,1111008,01,Nicaragua,Dakban,0.5,468582,857909,11719,4347935,0.35324928702870956,0.9756007170503497,0.5186894783682903,0.3501558051426906
r20,1111008,01,Nicaragua,Dakban,0.55,464387,745097,15914,4460747,0.3839546451213906,0.9668666107295217,0.5496403388596774,0.37896830254333697
r20,1111008,01,Nicaragua,Dakban,0.6,459305,645428,20996,4560416,0.41576109340446965,0.9562857458135627,0.5795522367343539,0.408006722754766
r20,1111008,01,Nicaragua,Dakban,0.65,452932,555546,27369,4650298,0.44912432398128666,0.9430169831001809,0.6084610274594148,0.43725762588490386
r20,1111008,01,Nicaragua,Dakban,0.7,444377,471209,35924,4734635,0.4853470891865974,0.9252052358833315,0.6366948040923084,0.46702294248089876
r20,1111008,01,Nicaragua,Dakban,0.75,432949,397281,47352,4808563,0.5214807944786385,0.9014118230026588,0.6607230199056718,0.4933430722143344
r20,1111008,01,Nicaragua,Dakban,0.8,417276,330610,63025,4875234,0.557940648708493,0.8687802024147357,0.6794991316468909,0.5145768154581699
r20,1111008,01,Nicaragua,Dakban,0.83,404717,292495,75584,4913349,0.5804791082195946,0.8426320161731914,0.6874098205285207,0.5237048328407496
r20,1111008,01,Nicaragua,Dakban,0.85,394366,265805,85935,4940039,0.5973694694253459,0.8210809471560542,0.6915838354646147,0.5285656461682389
r20,1111008,01,Nicaragua,Dakban,0.9,355562,196956,124739,5008888,0.6435301655330686,0.7402899431814632,0.6885272250026384,0.5250030638295359
r20,1111008,01,Nicaragua,Dakban,0.95,276404,127360,203897,5078484,0.6845682131145917,0.5754807922531913,0.6253024381691391,0.4548654595243071
r20,1111009,01,Pakistan,Larkana,0.05,118580939,759880315,25,52603818,0.13498710211753973,0.999999789173581,0.23786543209346828,0.1349870982759617
r20,1111009,01,Pakistan,Larkana,0.1,118580914,689169359,50,123314774,0.14680392933770015,0.999999578347162,0.25602270389592835,0.14680392025049058
r20,1111009,01,Pakistan,Larkana,0.15,118580866,643724880,98,168759253,0.1555555190580972,0.9999991735604375,0.2692306846132348,0.1555554990602958
r20,1111009,01,Pakistan,Larkana,0.2,118580689,611393001,275,201091132,0.16244515470139753,0.9999976809093911,0.27948863032221377,0.16244509350412245
r20,1111009,01,Pakistan,Larkana,0.25,118580323,585865062,641,226619071,0.16833146404955154,0.9999945944106172,0.28815680845231356,0.16833131087888342
r20,1111009,01,Pakistan,Larkana,0.3,118579805,563779812,1159,248704321,0.17377904853358284,0.9999902260872158,0.2961013783368282,0.17377875336726564
r20,1111009,01,Pakistan,Larkana,0.35,118578964,543677331,2000,268806802,0.1790529812932922,0.9999831338864812,0.30372260706888216,0.1790524405587098
r20,1111009,01,Pakistan,Larkana,0.4,118577464,524971117,3500,287513016,0.18425565295434937,0.9999704843013419,0.3111740380042608,0.18425465086795362
r20,1111009,01,Pakistan,Larkana,0.45,118574577,507266705,6387,305217428,0.18946429455895178,0.9999461380664775,0.3185680643939273,0.18946236100785094
r20,1111009,01,Pakistan,Larkana,0.5,118569391,490146850,11573,322337283,0.19478598239011008,0.9999024042341231,0.3260548512626279,0.1947822791616353
r20,1111009,01,Pakistan,Larkana,0.55,118559333,473074645,21631,339409488,0.20039304267274521,0.9998175845492367,0.33386887824728423,0.2003857162790795
r20,1111009,01,Pakistan,Larkana,0.6,118541297,455485032,39667,356999101,0.20650846661773942,0.9996654859375237,0.342304501260861,0.20649419722815285
r20,1111009,01,Pakistan,Larkana,0.65,118507100,436898443,73864,375585690,0.21337039482877468,0.9993771006955214,0.35166015571287984,0.21334202223629867
r20,1111009,01,Pakistan,Larkana,0.7,118442430,416972901,138534,395511232,0.22121598531514594,0.9988317349148891,0.3622113180320081,0.2211587624337283
r20,1111009,01,Pakistan,Larkana,0.75,118314650,395373413,266314,417110720,0.23032392325612597,0.997754158922169,0.3742541384998129,0.23020457708836672
r20,1111009,01,Pakistan,Larkana,0.8,118056569,371558605,524395,440925528,0.241121140171199,0.9955777472006384,0.38821873939620444,0.24086316728286836
r20,1111009,01,Pakistan,Larkana,0.83,117783129,355825827,797835,456658306,0.24869278232145592,0.9932718121603397,0.3977883615445531,0.24827454251176603
r20,1111009,01,Pakistan,Larkana,0.85,117515449,344504921,1065515,467979212,0.25435122914602226,0.9910144515269753,0.4048059903355302,0.25376599202543176
r20,1111009,01,Pakistan,Larkana,0.9,116211025,311125464,2369939,501358669,0.27194266811135803,0.9800141698966117,0.4257457766238516,0.2704428359168041
r20,1111009,01,Pakistan,Larkana,0.95,111012148,254276696,7568816,558207437,0.3039023770460398,0.9361717450703133,0.4588513115081567,0.2977333173200733
r20,1111010,01,Peru,Sechura,0.05,4731333,18853599,0,1343153,0.20060829516065595,1.0,0.3341777596727534,0.20060829516065595
r20,1111010,01,Peru,Sechura,0.1,4731333,17792461,0,2404291,0.21005932659480014,1.0,0.3471884757682472,0.21005932659480014
r20,1111010,01,Peru,Sechura,0.15,4731333,17183717,0,3013035,0.2158942370653957,1.0,0.35512009265948025,0.2158942370653957
r20,1111010,01,Peru,Sechura,0.2,4731333,16743826,0,3452926,0.22031655272028486,1.0,0.36108098710807995,0.22031655272028486
r20,1111010,01,Peru,Sechura,0.25,4731333,16397760,0,3798992,0.2239250402277088,1.0,0.3659129977209192,0.2239250402277088
r20,1111010,01,Peru,Sechura,0.3,4731326,16064714,7,4132038,0.22751091073108148,0.9999985205015162,0.37068647839321345,0.22751083415035558
r20,1111010,01,Peru,Sechura,0.35,4731316,15732912,17,4463840,0.23119933964770134,0.9999964069322536,0.3755674263414893,0.23119914758643673
r20,1111010,01,Peru,Sechura,0.4,4731300,15382393,33,4814359,0.23522781221727904,0.9999930252214334,0.38086496669393705,0.23522742628591042
r20,1111010,01,Peru,Sechura,0.45,4731252,15035213,81,5161539,0.23935751789710502,0.9999828800889728,0.38625936910737857,0.23935653705002383
r20,1111010,01,Peru,Sechura,0.5,4731218,14700069,115,5496683,0.2434845411937974,0.99997569395348,0.3916146510601913,0.24348310019009436
r20,1111010,01,Peru,Sechura,0.55,4731084,14388018,249,5808734,0.24745325381913857,0.9999473721253609,0.39672936782914026,0.24745003112291836
r20,1111010,01,Peru,Sechura,0.6,4730957,14076960,376,6119792,0.25154072085707313,0.9999205297957257,0.4019632741060144,0.25153569226085537
r20,1111010,01,Peru,Sechura,0.65,4730594,13758601,739,6438151,0.25585721822934965,0.9998438072314927,0.40744930520098427,0.2558469922066785
r20,1111010,01,Peru,Sechura,0.7,4729820,13426648,1513,6770104,0.2605033093440861,0.9996802169705662,0.4133048867385731,0.2604816031033406
r20,1111010,01,Peru,Sechura,0.75,4728348,13065295,2985,7131457,0.26573243039663097,0.9993690995751092,0.4198315683000062,0.26568785952035406
r20,1111010,01,Peru,Sechura,0.8,4725364,12650910,5969,7545842,0.27194345577193363,0.9987384105071446,0.4274876064152941,0.2718500713630571
r20,1111010,01,Peru,Sechura,0.83,4723439,12366682,7894,7830070,0.2763841753958325,0.9983315484240911,0.4329169816090166,0.2762565713037449
r20,1111010,01,Peru,Sechura,0.85,4721808,12154855,9525,8041897,0.27978327232107436,0.9979868252773584,0.43704265772725986,0.2796254548391857
r20,1111010,01,Peru,Sechura,0.9,4713669,11442387,17664,8754365,0.2917586445602813,0.9962665912545153,0.45134114177698326,0.2914400026709996
r20,1111010,01,Peru,Sechura,0.95,4645341,9596715,85992,10600037,0.3261706736723967,0.9818249951969138,0.489669083367236,0.324213109838828
r20,1111011,01,Philippines,Tuguegarao,0.05,10539352,100379568,6,53065789,0.09501852344036527,0.9999994307053618,0.1735468701441659,0.09501851830047471
r20,1111011,01,Philippines,Tuguegarao,0.1,10539314,68337614,44,85107743,0.1336171966535005,0.9999958251726528,0.2357358926761955,0.13361712211772023
r20,1111011,01,Philippines,Tuguegarao,0.15,10539206,54229089,152,99216268,0.1627216835027076,0.9999855778691643,0.27989734323548765,0.1627213016239219
r20,1111011,01,Philippines,Tuguegarao,0.2,10538839,45712409,519,107732948,0.18735298103963843,0.9999507560137914,0.31557848120138327,0.18735125245043413
r20,1111011,01,Philippines,Tuguegarao,0.25,10538158,39629501,1200,113815856,0.21005879504961553,0.99988614107235,0.34718088684871473,0.21005377060698152
r20,1111011,01,Philippines,Tuguegarao,0.3,10537027,34803340,2331,118642017,0.23239836148657553,0.9997788290330398,0.3771323856729789,0.232386414235871
r20,1111011,01,Philippines,Tuguegarao,0.35,10535075,30744377,4283,122700980,0.2552135382029781,0.999593618510729,0.4066120005457478,0.25518706095754173
r20,1111011,01,Philippines,Tuguegarao,0.4,10531862,27315596,7496,126129761,0.278271317455455,0.999288761231946,0.4353194886805529,0.27821621444844447
r20,1111011,01,Philippines,Tuguegarao,0.45,10526880,24372961,12478,129072396,0.3016311736205331,0.9988160569173189,0.46333915349168014,0.3015233677258735
r20,1111011,01,Philippines,Tuguegarao,0.5,10518987,21789916,20371,131655441,0.3255754923031587,0.9980671498207007,0.4909878139511893,0.32537034391802305
r20,1111011,01,Philippines,Tuguegarao,0.55,10506189,19467295,33169,133978062,0.3505161095053214,0.9968528443573128,0.5186596882045451,0.3501286531356896
r20,1111011,01,Philippines,Tuguegarao,0.6,10485445,17307681,53913,136137676,0.37726756608810397,0.9948846030280023,0.5470788170158762,0.37653716073726906
r20,1111011,01,Philippines,Tuguegarao,0.65,10451767,15257219,87591,138188138,0.4065413937368047,0.9916891522235035,0.5766755579234185,0.4051610025624718
r20,1111011,01,Philippines,Tuguegarao,0.7,10396371,13267493,142987,140177864,0.43933530889122757,0.9864330445934183,0.6079176400398769,0.43669660468744903
r20,1111011,01,Philippines,Tuguegarao,0.75,10305884,11328464,233474,142116893,0.47636674791401157,0.9778474172715264,0.640640155038403,0.47128077043978134
r20,1111011,01,Philippines,Tuguegarao,0.8,10156720,9423957,382638,144021400,0.5187113806126316,0.963694373034866,0.6744162149877979,0.5087692099233018
r20,1111011,01,Philippines,Tuguegarao,0.83,10021890,8303210,517468,145142147,0.5468941506458355,0.9509013736889856,0.6944104060433076,0.5318749546240193
r20,1111011,01,Philippines,Tuguegarao,0.85,9904231,7566016,635127,145879341,0.5669199181900519,0.9397376007153377,0.7072024757221675,0.5470326655500185
r20,1111011,01,Philippines,Tuguegarao,0.9,9467685,5806636,1071673,147638721,0.6198432650459552,0.8983170511904046,0.7335401513282939,0.5792052168867797
r20,1111011,01,Philippines,Tuguegarao,0.95,8579512,4126313,1959846,149319044,0.6752424183396198,0.8140450300672963,0.7381754748930134,0.5850064412327264
r20,1111013,01,USA,St Louis,0.05,16017265,227033626,1007,189513906,0.06590086929572293,0.9999371342926378,0.12365242404399938,0.06590059625866407
r20,1111013,01,USA,St Louis,0.1,16011459,158080643,6813,258466889,0.09197119694723428,0.9995746732231792,0.16844382200836655,0.0919675978451675
r20,1111013,01,USA,St Louis,0.15,16002562,130637554,15710,285909978,0.10912813244092087,0.9990192450221846,0.19676282541297532,0.10911644246577698
r20,1111013,01,USA,St Louis,0.2,15992064,114721219,26208,301826313,0.12234459752648091,0.9983638684622161,0.2179771624447107,0.12232007236436311
r20,1111013,01,USA,St Louis,0.25,15979943,103521679,38329,313025853,0.13372155735258556,0.9976071701117324,0.23583169272549753,0.13367868119671555
r20,1111013,01,USA,St Louis,0.3,15966829,94565573,51443,321981959,0.1444538317370503,0.9967884800557762,0.2523389010160467,0.14438663260442788
r20,1111013,01,USA,St Louis,0.35,15951003,86843095,67269,329704437,0.1551743077700823,0.9958004833480165,0.26850744581561664,0.15507282729384686
r20,1111013,01,USA,St Louis,0.4,15932386,79952374,85886,336595158,0.16616181758185555,0.9946382481206463,0.28475342830746536,0.16601311613553169
r20,1111013,01,USA,St Louis,0.45,15910426,73776817,107846,342770715,0.17739898638650314,0.9932673137277229,0.30103303503133205,0.17718592605882935
r20,1111013,01,USA,St Louis,0.5,15883846,68074758,134426,348472774,0.18918663773875993,0.9916079587111518,0.31775039660171017,0.188884215493246
r20,1111013,01,USA,St Louis,0.55,15850439,62638211,167833,353909321,0.2019456188888457,0.9895224029158701,0.335434456324797,0.20151471811929347
r20,1111013,01,USA,St Louis,0.6,15805603,57321851,212669,359225681,0.2161377449295582,0.9867233494349453,0.35460147579032564,0.21551099662049925
r20,1111013,01,USA,St Louis,0.65,15743761,52001919,274511,364545613,0.23239505456288873,0.9828626333726884,0.37590778906897804,0.23145717129785773
r20,1111013,01,USA,St Louis,0.7,15653677,46629769,364595,369917763,0.2513296550739983,0.977238805783795,0.3998297202112474,0.24986698307134617
r20,1111013,01,USA,St Louis,0.75,15516410,41155873,501862,375391659,0.27379186400519634,0.9686694045400153,0.4269168119572068,0.27138857957561063
r20,1111013,01,USA,St Louis,0.8,15288476,35515867,729796,381031665,0.30092852494913674,0.954439779771501,0.4575838883288241,0.29666695314342983
r20,1111013,01,USA,St Louis,0.83,15076067,31987996,942205,384559536,0.3203307585237594,0.9411793606701148,0.4779806264305213,0.3140437202908587
r20,1111013,01,USA,St Louis,0.85,14883817,29547431,1134455,387000101,0.334985346349038,0.9291774418613943,0.4924378886714072,0.32664517433210677
r20,1111013,01,USA,St Louis,0.9,14108813,23026697,1909459,393520835,0.3799278103357137,0.8807949446731832,0.5308677000631865,0.3613477833725518
r20,1111013,01,USA,St Louis,0.95,12333616,15030563,3684656,401516969,0.45072121476767124,0.7699716923273622,0.5685993168066968,0.39723281082849005
r20,118,01,Spain,Zaragoza,0.05,551260,7832827,122,45359,0.06575074900821043,0.9997787377897719,0.12338692014935086,0.06574979225827982
r20,118,01,Spain,Zaragoza,0.1,551100,7722887,282,155299,0.06660634105419794,0.9994885578419317,0.12488996210809997,0.06660407100615172
r20,118,01,Spain,Zaragoza,0.15,550779,7612824,603,265362,0.06746763653254574,0.9989063843215774,0.1263981521482825,0.06746265344113071
r20,118,01,Spain,Zaragoza,0.2,550261,7506425,1121,371761,0.0682986776448778,0.997966926740445,0.12784773540357722,0.06828917595072705
r20,118,01,Spain,Zaragoza,0.25,549553,7403240,1829,474946,0.06910188659506164,0.9966828804712522,0.12924310706211947,0.06908599805245302
r20,118,01,Spain,Zaragoza,0.3,548717,7299898,2665,578288,0.06991258967346468,0.9951666902437875,0.1306469514215303,0.06988885888670382
r20,118,01,Spain,Zaragoza,0.35,547809,7193115,3573,685071,0.07076790832722295,0.9935199190397945,0.13212464663026183,0.07073525885541695
r20,118,01,Spain,Zaragoza,0.4,546857,7078997,4525,799189,0.0717109191967221,0.9917933483501457,0.1337510620948203,0.07166839288061576
r20,118,01,Spain,Zaragoza,0.45,545772,6955140,5610,923046,0.07276075229252123,0.9898255655788546,0.13555689844409555,0.07270637453670288
r20,118,01,Spain,Zaragoza,0.5,544514,6814390,6868,1063796,0.07399389909149515,0.9875440257389614,0.1376723926290402,0.07392490563107303
r20,118,01,Spain,Zaragoza,0.55,543003,6650512,8379,1227674,0.0754850723186092,0.9848036388565459,0.1402221359431894,0.07539724966793457
r20,118,01,Spain,Zaragoza,0.6,541130,6458140,10252,1420046,0.07731234828775001,0.9814067198421421,0.14333331744066605,0.07719927264655137
r20,118,01,Spain,Zaragoza,0.65,538909,6237087,12473,1641099,0.07953207174266337,0.977378659441186,0.1470946360348818,0.07938594107154352
r20,118,01,Spain,Zaragoza,0.7,536108,5992959,15274,1885227,0.08211096623759566,0.9722986967293092,0.1514333342419386,0.08191932541412497
r20,118,01,Spain,Zaragoza,0.75,532361,5724004,19021,2154182,0.08509110322048026,0.9655030450758276,0.1563985853175801,0.08483318795051013
r20,118,01,Spain,Zaragoza,0.8,527405,5424176,23977,2454010,0.08861594927465492,0.9565147211914788,0.16220452123132179,0.088260376687834
r20,118,01,Spain,Zaragoza,0.83,523322,5224641,28060,2653545,0.0910447753404119,0.9491096916475329,0.16615124270856735,0.0906024785566124
r20,118,01,Spain,Zaragoza,0.85,519831,5076662,31551,2801524,0.09288513360063168,0.9427783279105956,0.16910916373543705,0.09236441648288464
r20,118,01,Spain,Zaragoza,0.9,504857,4596904,46525,3281282,0.0989573992196028,0.9156211120421051,0.178611084134967,0.09806312236732768
r20,118,01,Spain,Zaragoza,0.95,465645,3636826,85737,4241360,0.11350354457106461,0.8445052613251792,0.20011160644738887,0.11118000825173917
r20,118,02,Spain,Trespaderne,0.05,66725,7269464,14,1394421,0.009095321835356204,0.9997902276030507,0.018026651076438943,0.009095304478352086
r20,118,02,Spain,Trespaderne,0.1,66548,6218036,191,2445849,0.010589085928360572,0.9971381051559058,0.02095563396791503,0.010588764116456038
r20,118,02,Spain,Trespaderne,0.15,66339,5680980,400,2982905,0.011542599253669407,0.9940065029443055,0.022820205783980824,0.011541795971584555
r20,118,02,Spain,Trespaderne,0.2,66116,5340137,623,3323748,0.012229542346612339,0.9906651283357557,0.02416082464582444,0.012228133214077778
r20,118,02,Spain,Trespaderne,0.25,65853,5086774,886,3577111,0.012780471010224493,0.9867244040216365,0.025234099313977982,0.012778273771697093
r20,118,02,Spain,Trespaderne,0.3,65569,4878723,1170,3785162,0.013261554940525357,0.9824690211120933,0.02616986404594184,0.013258417514885363
r20,118,02,Spain,Trespaderne,0.35,65238,4696698,1501,3967187,0.013699890128720756,0.9775094022985061,0.027021077210621962,0.013695573175419345
r20,118,02,Spain,Trespaderne,0.4,64864,4527677,1875,4136208,0.014123771567853178,0.9719054825514317,0.027842928521144897,0.014118007598789487
r20,118,02,Spain,Trespaderne,0.45,64410,4365321,2329,4298564,0.014540386312396847,0.9651028633932184,0.02864914032563322,0.014532745495322717
r20,118,02,Spain,Trespaderne,0.5,63892,4207363,2847,4456522,0.014958601160548831,0.9573412847060939,0.029456933319870888,0.014948637164017143
r20,118,02,Spain,Trespaderne,0.55,63222,4049853,3517,4614032,0.015370981564887583,0.9473021771378055,0.03025110686743477,0.015357849405527679
r20,118,02,Spain,Trespaderne,0.6,62277,3887744,4462,4776141,0.015766245293379454,0.933142540343727,0.031008574074627315,0.01574845561354038
r20,118,02,Spain,Trespaderne,0.65,60987,3716329,5752,4947556,0.016145591208148857,0.913813512339112,0.03173055536406217,0.016121042497782224
r20,118,02,Spain,Trespaderne,0.7,59287,3530896,7452,5132989,0.016513642897868993,0.8883411498524101,0.032424536263010256,0.016479437185817906
r20,118,02,Spain,Trespaderne,0.75,56966,3329588,9773,5334297,0.016821228895213248,0.8535638831867424,0.0329922772264039,0.016772825467041307
r20,118,02,Spain,Trespaderne,0.8,53402,3102773,13337,5561112,0.016919847600339016,0.8001618244205038,0.03313895437482973,0.01684865051780842
r20,118,02,Spain,Trespaderne,0.83,50281,2953876,16458,5710009,0.016737141234629216,0.7533975636434469,0.03274679442091168,0.016645947927822646
r20,118,02,Spain,Trespaderne,0.85,47856,2847239,18883,5816646,0.016530027512050554,0.7170619877432985,0.032315112865879715,0.0164229105367302
r20,118,02,Spain,Trespaderne,0.9,40539,2530397,26200,6133488,0.015768187150516387,0.6074259428520056,0.03073843441667377,0.015609117119781175
r20,118,02,Spain,Trespaderne,0.95,30085,2026066,36654,6637819,0.014631707496190699,0.45078589730142793,0.02834343748380745,0.0143754434837455
r20,130,06,Myanmar,Pathein,0.05,7866720,6909935,2,3735909,0.5323748845729971,0.9999997457645001,0.6948362870078965,0.532374812516796
r20,130,06,Myanmar,Pathein,0.1,7866652,4885651,70,5760193,0.6168808881031136,0.9999911017575046,0.7630479132742699,0.6168775019363063
r20,130,06,Myanmar,Pathein,0.15,7866267,3966834,455,6679010,0.6647680096704998,0.9999421614237798,0.7986129621570711,0.6647424493533474
r20,130,06,Myanmar,Pathein,0.2,7865609,3442195,1113,7203649,0.6955912040923242,0.9998585179443229,0.820422783853953,0.6955227454582963
r20,130,06,Myanmar,Pathein,0.25,7864482,3102196,2240,7543648,0.717125277134972,0.9997152562401468,0.835163273758323,0.7169788305464586
r20,130,06,Myanmar,Pathein,0.3,7863039,2835222,3683,7810622,0.7349829098392721,0.9995318253269914,0.8470828117644924,0.7347299705548823
r20,130,06,Myanmar,Pathein,0.35,7861160,2596015,5562,8049829,0.7517479625233392,0.9992929710748645,0.858022723004828,0.7513483326590356
r20,130,06,Myanmar,Pathein,0.4,7858892,2365879,7830,8279965,0.7686130085456193,0.9990046680180131,0.8687941896227138,0.7680248648413047
r20,130,06,Myanmar,Pathein,0.45,7855793,2171668,10929,8474176,0.7834279285653667,0.9986107301109661,0.8780275690709098,0.782574994595747
r20,130,06,Myanmar,Pathein,0.5,7851490,2006010,15232,8639834,0.7964991123510018,0.9980637424329981,0.8859615953806039,0.7952702453586302
r20,130,06,Myanmar,Pathein,0.55,7845747,1859625,20975,8786219,0.8083921976406468,0.9973337051951244,0.8929780366528883,0.8066488888377106
r20,130,06,Myanmar,Pathein,0.6,7838391,1724446,28331,8921398,0.8196721328618275,0.9963986270266065,0.8994365261909381,0.81725093335869
r20,130,06,Myanmar,Pathein,0.65,7827732,1596465,38990,9049379,0.8305993603486854,0.995043678930055,0.9054153801773057,0.8271771444440441
r20,130,06,Myanmar,Pathein,0.7,7812615,1472713,54107,9173131,0.8413935404328204,0.9931220399042956,0.9109832352401025,0.8365190185487666
r20,130,06,Myanmar,Pathein,0.75,7790459,1347692,76263,9298152,0.8525202746157291,0.9903056190367474,0.9162619444438074,0.8454643995809175
r20,130,06,Myanmar,Pathein,0.8,7756381,1216439,110341,9429405,0.8644306918003481,0.9859737003544805,0.9212104462223497,0.8539297057489127
r20,130,06,Myanmar,Pathein,0.83,7725986,1132552,140736,9513292,0.8721513640286919,0.9821099563452224,0.9238703613576112,0.8585121422016931
r20,130,06,Myanmar,Pathein,0.85,7698815,1073052,167907,9572792,0.8776711958811049,0.9786560399617528,0.9254168126876624,0.8611867593073382
r20,130,06,Myanmar,Pathein,0.9,7584198,905600,282524,9740244,0.8933307953852376,0.9640861848175136,0.927360832255272,0.86455991925513
r20,130,06,Myanmar,Pathein,0.95,7231369,690110,635353,9955734,0.9128811677718265,0.9192353562258841,0.9160472431279536,0.8450988636916092
